Rank,Name,Position,Drop,ADP,7-day,AVG Salary,7-day salary
1,Ja'Marr Chase,CinWR,0.5,1.5,0,63.6,3.7,99.9
2,Bijan Robinson,AtlRB,1,3,0.2,60.6,4,99.9
3,Saquon Barkley,PhiRB,0.6,3.6,0,60.7,3.4,99.9
4,Justin JeffersonQ,MinWR,0.8,4.8,-0.1,58.1,3,99.9
5,Jahmyr Gibbs,DetRB,0.3,5.3,0.1,58.1,3.3,99.9
6,CeeDee Lamb,DalWR,0.9,6.9,0.1,55.1,3.1,99.9
7,Christian McCaffrey,SFRB,1,8,0.3,53.4,3.2,99.9
8,Puka Nacua,LARWR,2.3,10.3,-0.1,49.3,1.7,99.9
9,Amon-Ra St. Brown,DetWR,1.4,10.4,0.1,51,2.8,99.9
10,Malik NabersQ,NYGWR,1.9,11.9,-0.2,49.3,1.8,99.8
11,Ashton Jeanty,LVRB,1.6,12.6,1.3,48.2,3.5,99.6
12,Derrick Henry,BalRB,3.2,15.2,0.2,44,4.1,99.8
13,Nico Collins,HouWR,2.5,15.5,0.5,44.8,3,99.8
14,De'Von AchaneQ,MiaRB,2.1,16.1,-1.8,42.7,0.1,99.7
15,Brian Thomas Jr.,JaxWR,3.8,18.8,0.1,41.2,1.9,99.7
16,Jonathan Taylor,IndRB,3,19,0.5,38.9,2.5,99.7
17,A.J. BrownQ,PhiWR,2.2,19.2,-0.2,39.7,1.7,99.8
18,Josh Jacobs,GBRB,1.9,19.9,0.5,37.6,2.4,99.7
19,Josh Allen,BufQB,1.9,20.9,0,35.1,4.2,99.9
20,Brock Bowers,LVTE,0.9,20.9,-0.1,35.1,1.1,99.8
21,Drake London,AtlWR,1,22,0.3,37.9,2,99.5
22,Lamar JacksonQ,BalQB,1,23,-1,33.8,3.3,99.9
23,Bucky Irving,TBRB,1.5,24.5,0.7,33.9,2.3,99.5
24,Trey McBride,AriTE,2.6,26.6,-0.4,30.1,0.5,99.8
25,Chase Brown,CinRB,2.2,27.2,3.4,33.2,4.7,98.6
26,Tee Higgins,CinWR,2.1,28.1,0.2,28.8,1.2,99.5
27,Jayden Daniels,WshQB,1.4,28.4,-0.2,28.3,2.1,99.8
28,Jalen Hurts,PhiQB,1.6,29.6,0,26.9,2.3,99.8
29,Ladd McConkey,LACWR,1.9,30.9,1.7,29,1.9,98.9
30,Tyreek HillQ,MiaWR,1,31,-0.4,29.4,1.5,99.1
31,Kyren Williams,LARRB,0.8,31.8,-1.4,28.8,0.7,99.1
32,James Cook,BufRB,1.3,33.3,1.6,26.1,3.3,99.1
33,Joe Burrow,CinQB,0.9,33.9,-0.3,23.8,2.7,99.7
34,Davante Adams,LARWR,1.8,35.8,0,25,0.2,98.8
35,George Kittle,SFTE,1.3,36.3,-0.4,20.4,1.3,99.8
36,Jaxon Smith-Njigba,SeaWR,3.1,39.1,-0.2,21.4,0.9,98.5
37,Terry McLaurin,WshWR,3.8,40.8,6.9,19.7,1.8,97.8
38,Kenneth Walker III,SeaRB,4.6,42.6,0.4,21,1.5,97.9
39,Alvin Kamara,NORB,3.9,42.9,0.9,19.5,1.7,97.8
40,Omarion Hampton,LACRB,3.6,43.6,3,22.7,3,96.2
41,Garrett Wilson,NYJWR,4.6,45.6,-1,18.5,0.2,97.4
42,Mike Evans,TBWR,4.1,46.1,0.4,18,1.8,98
43,Chuba Hubbard,CarRB,5.9,48.9,1.5,17.6,0.9,96.5
44,Patrick Mahomes,KCQB,5.4,49.4,1.2,12.9,2.3,96.9
45,Marvin Harrison Jr.,AriWR,5.5,50.5,0.1,16.3,1.6,96.9
46,DK Metcalf,PitWR,4.7,50.7,-1.3,14.2,0.6,97.5
47,Sam LaPorta,DetTE,4.3,51.3,-2.1,10.1,0.6,99
48,Xavier Worthy,KCWR,3.8,51.8,4.7,13,1.8,96.9
49,TreVeyon Henderson,NERB,4.2,53.2,18.3,17.3,7.4,91.6
50,James Conner,AriRB,3.3,53.3,1.9,16.5,1.3,95.5
51,Breece Hall,NYJRB,7,58,-3,13.9,-1,95.4
52,Baker Mayfield,TBQB,6.4,58.4,1.4,9.5,1.3,95.2
53,DJ Moore,ChiWR,8.3,61.3,0.9,10.7,0.1,94.6
54,T.J. Hockenson,MinTE,7.9,61.9,2,6.8,0.8,95.8
55,Zay Flowers,BalWR,7.2,62.2,1.2,10,0.7,94.7
56,D'Andre Swift,ChiRB,6.6,62.6,3.3,10.9,1.4,92.6
57,Travis Kelce,KCTE,7.3,64.3,0.7,7.2,0.9,95.8
58,Courtland Sutton,DenWR,9,67,2.4,9.9,1.1,92.5
59,Rashee Rice,KCWR,8.3,67.3,1.6,9.7,0.1,93.4
60,David Montgomery,DetRB,7.8,67.8,5,8.3,1.6,92.8
61,Calvin RidleyQ,TenWR,10.1,71.1,1.9,8.9,0.9,90.7
62,DeVonta SmithQ,PhiWR,9.1,71.1,0.1,8.9,0.7,91.9
63,George Pickens,DalWR,12.9,75.9,2.1,8.3,1.2,91.3
64,Jaylen Waddle,MiaWR,12,76,5.1,7.5,0.7,90
65,Jerry Jeudy,CleWR,11.6,76.6,3.8,6.4,0.3,90.6
66,Jameson Williams,DetWR,11,77,2.9,7.8,1.1,90.1
67,Bo Nix,DenQB,10.1,77.1,2.4,6.3,1.4,91.7
68,Isiah Pacheco,KCRB,9.1,77.1,9.2,7.8,2.6,89.8
69,Aaron Jones Sr.,MinRB,9.6,78.6,4.7,6.8,0.9,89.4
70,David Njoku,CleTE,9.4,79.4,1.7,3.8,0.3,92.4
71,Travis HunterQ,JaxWR CB,8.8,79.8,-5.3,6.8,0.2,93.1
72,Mark Andrews,BalTE,7.9,79.9,1.2,4.3,0.4,92.1
73,Tetairoa McMillanQ,CarWR,10.4,83.4,1,6.8,0.9,88.2
74,Tony Pollard,TenRB,9.6,83.6,9.4,6.3,1.8,87.1
75,RJ Harvey,DenRB,11.2,86.2,7,7.2,1.8,87.1
76,Rome Odunze,ChiWR,11.6,87.6,3.4,5.3,0.7,86.9
77,Kyler Murray,AriQB,13.1,90.1,2.7,4.4,1.1,87.8
78,Evan Engram,DenTE,12.7,90.7,2.6,3.5,0.5,88.1
79,Brock Purdy,SFQB,13.1,92.1,3.1,3.8,1,87
80,Cooper Kupp,SeaWR,12.7,92.7,1,4.3,0.2,87.9
81,Jakobi Meyers,LVWR,14.1,95.1,3.6,3.9,0.5,85.2
82,Tyrone Tracy Jr.,NYGRB,14,96,8,4.2,1.2,84.6
83,Matthew Golden,GBWR,14.2,97.2,3.5,4.1,1.1,85.7
84,Stefon DiggsQ,NEWR,13.6,97.6,1.3,3.8,0.4,86
85,Steelers D/ST,PitDST,14.5,99.5,-2.7,2.7,0.2,98.3
86,Chris Olave,NOWR,13.6,99.6,4.8,3.5,0.6,84.4
87,Joe MixonO,HouRB,13.7,100.7,-26.4,4.3,-4.5,90.2
88,Chris GodwinO,TBWR,14,102,0.6,3.4,0,83.2
89,Jaylen Warren,PitRB,13.2,102.2,9.1,3,0.9,82.3
90,Texans D/ST,HouDST,12.9,102.9,-5,2.2,0.1,97.4
91,Broncos D/ST,DenDST,12.5,103.5,-3.4,3,0.2,98.4
92,Justin Herbert,LACQB,12.5,104.5,2.8,3.1,0.8,84.1
93,Kaleb Johnson,PitRB,12.2,105.2,-7.3,4,-0.6,84.3
94,Quinshon Judkins,CleRB,13.7,107.7,32.4,2.9,1.6,77.2
95,Deebo Samuel,WshWR,12.9,107.9,2.2,3.2,0.8,83.7
96,Jake Bates,DetK,13.5,109.5,-3,2,0.2,98.6
97,J.K. Dobbins,DenRB,15.1,112.1,4.8,2.4,0.5,77.5
98,Tyler Warren,IndTE,14.9,112.9,17,2.8,1.1,78.6
99,Dak Prescott,DalQB,14.6,113.6,3.5,3.5,1.2,77.3
100,Brandon Aubrey,DalK,13.7,113.7,-3.2,2.6,0.2,97.2
101,Tucker Kraft,GBTE,12.8,113.8,-2.2,1.8,0.1,82.2
102,Jordan AddisonSSPD,MinWR,12.9,114.9,-3.2,2.6,0.2,80.4
103,Michael Pittman Jr.,IndWR,12.3,115.3,10.3,2.1,0.9,78.3
104,Brian Robinson Jr.,SFRB,12.4,116.4,-10.8,2.6,-0.3,79.7
105,Ricky Pearsall,SFWR,11.7,116.7,4.3,2.8,1.1,79.1
106,Emeka Egbuka,TBWR,11.6,117.6,10.4,3.6,1.8,81.1
107,Khalil ShakirQ,BufWR,11,118,1.5,1.8,0.3,79.7
108,Chase McLaughlin,TBK,10.3,118.3,-1.7,1.6,0.2,96.6
109,Javonte Williams,DalRB,10.6,119.6,-1.4,1.9,0.2,78.1
110,Ravens D/ST,BalDST,10.9,120.9,-2.5,2,0.3,88.8
111,Rhamondre StevensonQ,NERB,10.2,121.2,0.2,1.7,0.1,77.4
112,Caleb Williams,ChiQB,9.3,121.3,3.7,2.3,0.9,74.4
113,Colston Loveland,ChiTE,8.9,121.9,4.4,1.7,0.4,77.7
114,Keon Coleman,BufWR,8.1,122.1,0.6,1.7,0.3,78.6
115,Jauan JenningsQ,SFWR,7.5,122.5,-0.4,1.7,0.3,78.9
116,Vikings D/ST,MinDST,6.5,122.5,-2.5,1.6,0.1,93.7
117,Cameron Dicker,LACK,6.3,123.3,-2,1.7,0.1,96.2
118,Justin Fields,NYJQB,6.1,124.1,-0.2,2.1,0.3,73
119,Jared Goff,DetQB,7,126,1.9,2.4,0.6,70.6
120,Austin Ekeler,WshRB,6.5,126.5,8.4,1.6,0.6,74.6
121,Travis Etienne Jr.,JaxRB,6.5,127.5,1.7,1.9,0.5,76.1
122,Keenan Allen,LACWR,6.3,128.3,0.8,1.4,0.2,64.5
123,Cam Skattebo,NYGRB,5.4,128.4,-8.7,1.8,-0.1,76.8
124,Dallas GoedertQ,PhiTE,7.2,131.2,-5.9,1.1,0,74.2
125,Eagles D/ST,PhiDST,6.7,131.7,-3.4,1.6,0.1,85.6
126,Jayden ReedQ,GBWR,7.3,133.3,-1.7,1.2,0.2,72
127,Dalton Kincaid,BufTE,9.8,136.8,-0.3,1.1,0.1,69.7
128,Rashid Shaheed,NOWR,9.9,137.9,0.5,1.1,0.1,69.2
129,Drake Maye,NEQB,9.2,138.2,1.4,2,0.6,61.2
130,Kyle Pitts Sr.,AtlTE,8.8,138.8,0.2,1.3,0.2,62.1
131,Jordan Mason,MinRB,7.8,138.8,3.7,1.9,0.6,65
132,Lions D/ST,DetDST,7,139,-1.9,1.1,0.1,79.5
133,Seahawks D/ST,SeaDST,6.2,139.2,-0.4,1.1,0.1,77.5
134,J.J. McCarthy,MinQB,5.3,139.3,0.8,2,0.5,64
135,Darnell MooneyQ,AtlWR,4.8,139.8,-1.4,1,0,65.1
136,Tank Bigsby,JaxRB,4,140,1.5,1.4,0.4,67.9
137,Jordan LoveQ,GBQB,3.9,140.9,-2.6,1.9,0.5,58.6
138,Jayden Higgins,HouWR,3.1,141.1,-0.2,1.1,0.1,64.6
139,Josh DownsQ,IndWR,2.1,141.1,-2.5,1,0.1,56.6
140,C.J. Stroud,HouQB,2.1,142.1,2.1,1.9,0.8,55.8
141,Jake Ferguson,DalTE,1.8,142.8,2.7,1,0.1,58.8
142,Jake Elliott,PhiK,0.9,142.9,-1.2,1.1,0.1,83.4
143,Tyjae SpearsQ,TenRB,2.7,145.7,-0.5,1,0.1,61.5
144,Chris Boswell,PitK,2.4,146.4,-2.9,1,0,76.6
145,Zach Charbonnet,SeaRB,2.3,147.3,6.8,1.4,0.5,59.9
146,Jason Sanders,MiaK,2.9,148.9,-1.4,0.9,0,78.7
147,Harrison Butker,KCK,2.9,149.9,-1.2,1,0.1,68.7
148,Patriots D/ST,NEDST,2.1,150.1,-1.2,0.9,0,75.5
149,Bills D/ST,BufDST,2.3,151.3,-1.5,0.9,0.1,58.3
150,Rachaad WhiteQ,TBRB,1.6,151.6,-3.3,0.9,0,59.7