Photo,Name,Position,Rank,%Drafted,ADP,ADP2
Photo of Ja'Marr Chase,Ja'Marr Chase,Cin - WR,1,100%,1.4,1.4
Photo of Bijan Robinson,Bijan Robinson,Atl - RB,2,100%,2.6,2.6
Photo of Saquon Barkley,Saquon Barkley,Phi - RB,3,100%,2.7,2.7
Photo of Jahmyr Gibbs,Jahmyr Gibbs,Det - RB,4,100%,4.2,4.2
Photo of Justin Jefferson,Justin Jefferson,Min - WR,5,100%,5.6,5.6
Photo of CeeDee Lamb,CeeDee Lamb,Dal - WR,6,100%,6.8,6.8
Photo of Derrick Henry,Derrick Henry,Bal - RB,11,100%,8.3,8.3
Photo of Christian McCaffrey,Christian McCaffrey,SF - RB,8,100%,8.6,8.6
Photo of Nico Collins,Nico Collins,Hou - WR,7,100%,10.1,10.1
Photo of Amon-Ra St. Brown,Amon-Ra St. Brown,Det - WR,9,100%,10.8,10.8
Photo of Ashton Jeanty,Ashton Jeanty,LV - RB,14,100%,11.9,11.9
Photo of Malik Nabers,Malik Nabers,NYG - WR,10,100%,12.8,12.8
Photo of Puka Nacua,Puka Nacua,LAR - WR,16,100%,13.4,13.4
Photo of Brian Thomas Jr.,Brian Thomas Jr.,Jax - WR,12,100%,15.9,15.9
Photo of De'Von Achane,De'Von Achane,Mia - RB,17,100%,16.5,16.5
Photo of Josh Jacobs,Josh Jacobs,GB - RB,15,100%,16.7,16.7
Photo of Jonathan Taylor,Jonathan Taylor,Ind - RB,18,100%,17.4,17.4
Photo of Drake London,Drake London,Atl - WR,13,100%,19.0,19.0
Photo of Bucky Irving,Bucky Irving,TB - RB,19,100%,20.6,20.6
Photo of Brock Bowers,Brock Bowers,LV - TE,23,100%,21.6,21.6
Photo of Lamar Jackson,Lamar Jackson,Bal - QB,26,100%,21.6,21.6
Photo of A.J. Brown,A.J. Brown,Phi - WR,21,100%,21.7,21.7
Photo of Josh Allen,Josh Allen,Buf - QB,28,100%,21.8,21.8
Photo of Ladd McConkey,Ladd McConkey,LAC - WR,22,100%,24.1,24.1
Photo of Chase Brown,Chase Brown,Cin - RB,20,100%,24.7,24.7
Photo of Kyren Williams,Kyren Williams,LAR - RB,27,100%,25.4,25.4
Photo of Trey McBride,Trey McBride,Ari - TE,24,100%,27.8,27.8
Photo of Jayden Daniels,Jayden Daniels,Was - QB,31,100%,29.0,29.0
Photo of Tee Higgins,Tee Higgins,Cin - WR,29,100%,30.1,30.1
Photo of George Kittle,George Kittle,SF - TE,25,100%,31.5,31.5
Photo of James Cook,James Cook,Buf - RB,34,100%,32.7,32.7
Photo of Jaxon Smith-Njigba,Jaxon Smith-Njigba,Sea - WR,30,100%,33.5,33.5
Photo of Jalen Hurts,Jalen Hurts,Phi - QB,35,100%,34.0,34.0
Photo of Tyreek Hill,Tyreek Hill,Mia - WR,41,100%,35.5,35.5
Photo of Mike Evans,Mike Evans,TB - WR,33,100%,36.8,36.8
Photo of Garrett Wilson,Garrett Wilson,NYJ - WR,37,100%,38.1,38.1
Photo of Omarion Hampton,Omarion Hampton,LAC - RB,32,100%,39.3,39.3
Photo of Marvin Harrison Jr.,Marvin Harrison Jr.,Ari - WR,36,100%,40.8,40.8
Photo of Breece Hall,Breece Hall,NYJ - RB,46,100%,40.9,40.9
Photo of Joe Burrow,Joe Burrow,Cin - QB,55,100%,41.1,41.1
Photo of Chuba Hubbard,Chuba Hubbard,Car - RB,40,100%,41.3,41.3
Photo of Kenneth Walker III,Kenneth Walker III,Sea - RB,38,100%,41.5,41.5
Photo of Davante Adams,Davante Adams,LAR - WR,44,100%,41.8,41.8
Photo of Terry McLaurin,Terry McLaurin,Was - WR,42,100%,42.5,42.5
Photo of Alvin Kamara,Alvin Kamara,NO - RB,39,100%,43.9,43.9
Photo of James Conner,James Conner,Ari - RB,43,100%,46.9,46.9
Photo of Sam LaPorta,Sam LaPorta,Det - TE,68,100%,49.6,49.6
Photo of DK Metcalf,DK Metcalf,Pit - WR,49,100%,50.0,50.0
Photo of Patrick Mahomes,Patrick Mahomes,KC - QB,76,100%,50.7,50.7
Photo of David Montgomery,David Montgomery,Det - RB,62,100%,53.2,53.2
Photo of DeVonta Smith,DeVonta Smith,Phi - WR,45,100%,56.2,56.2
Photo of DJ Moore,DJ Moore,Chi - WR,56,100%,59.0,59.0
Photo of T.J. Hockenson,T.J. Hockenson,Min - TE,72,100%,59.2,59.2
Photo of RJ Harvey,RJ Harvey,Den - RB,57,100%,59.5,59.5
Photo of Tony Pollard,Tony Pollard,Ten - RB,53,100%,61.2,61.2
Photo of Courtland Sutton,Courtland Sutton,Den - WR,59,100%,61.6,61.6
Photo of Travis Kelce,Travis Kelce,KC - TE,87,100%,61.9,61.9
Photo of Zay Flowers,Zay Flowers,Bal - WR,52,100%,62.1,62.1
Photo of Xavier Worthy,Xavier Worthy,KC - WR,51,100%,62.2,62.2
Photo of George Pickens,George Pickens,Dal - WR,48,100%,62.7,62.7
Photo of Mark Andrews,Mark Andrews,Bal - TE,77,100%,63.3,63.3
Photo of Isiah Pacheco,Isiah Pacheco,KC - RB,65,100%,65.0,65.0
Photo of Rashee Rice,Rashee Rice,KC - WR,80,100%,66.6,66.6
Photo of Jameson Williams,Jameson Williams,Det - WR,58,100%,67.8,67.8
Photo of TreVeyon Henderson,TreVeyon Henderson,NE - RB,50,100%,68.4,68.4
Photo of Baker Mayfield,Baker Mayfield,TB - QB,91,100%,69.2,69.2
Photo of Kaleb Johnson,Kaleb Johnson,Pit - RB,70,100%,69.5,69.5
Photo of Jaylen Waddle,Jaylen Waddle,Mia - WR,47,100%,69.6,69.6
Photo of D'Andre Swift,D'Andre Swift,Chi - RB,66,100%,70.4,70.4
Photo of Bo Nix,Bo Nix,Den - QB,82,100%,70.5,70.5
Photo of Aaron Jones Sr.,Aaron Jones Sr.,Min - RB,69,100%,73.5,73.5
Photo of Joe Mixon,Joe Mixon,Hou - RB,122,100%,73.7,73.7
Photo of Brock Purdy,Brock Purdy,SF - QB,86,100%,74.1,74.1
Photo of Travis Hunter,Travis Hunter,Jax - WR,61,100%,74.3,74.3
Photo of Calvin Ridley,Calvin Ridley,Ten - WR,60,100%,75.8,75.8
Photo of Tetairoa McMillan,Tetairoa McMillan,Car - WR,54,100%,76.1,76.1
Photo of Justin Fields,Justin Fields,NYJ - QB,101,100%,79.6,79.6
Photo of David Njoku,David Njoku,Cle - TE,94,100%,79.7,79.7
Photo of Chris Olave,Chris Olave,NO - WR,64,100%,82.0,82.0
Photo of Evan Engram,Evan Engram,Den - TE,93,100%,84.1,84.1
Photo of Rome Odunze,Rome Odunze,Chi - WR,63,100%,85.8,85.8
Photo of Brian Robinson Jr.,Brian Robinson Jr.,SF - RB,142,100%,85.8,85.8
Photo of Philadelphia,Philadelphia,Phi - DEF,167,100%,85.8,85.8
Photo of Denver,Denver,Den - DEF,159,100%,87.5,87.5
Photo of Tyrone Tracy Jr.,Tyrone Tracy Jr.,NYG - RB,67,100%,89.1,89.1
Photo of Jaylen Warren,Jaylen Warren,Pit - RB,75,100%,91.3,91.3
Photo of Brandon Aubrey,Brandon Aubrey,Dal - K,180,100%,91.3,91.3
Photo of Jerry Jeudy,Jerry Jeudy,Cle - WR,81,100%,92.6,92.6
Photo of Dak Prescott,Dak Prescott,Dal - QB,89,99%,94.1,94.1
Photo of Kyler Murray,Kyler Murray,Ari - QB,98,100%,94.7,94.7
Photo of Jordan Addison,Jordan Addison,Min - WR,83,100%,95.6,95.6
Photo of Jordan Mason,Jordan Mason,Min - RB,74,99%,95.8,95.8
Photo of Tucker Kraft,Tucker Kraft,GB - TE,85,100%,96.2,96.2
Photo of Deebo Samuel,Deebo Samuel,Was - WR,99,98%,100.6,100.6
Photo of Jakobi Meyers,Jakobi Meyers,LV - WR,79,97%,100.8,100.8
Photo of Baltimore,Baltimore,Bal - DEF,172,100%,100.8,100.8
Photo of Chris Godwin Jr.,Chris Godwin Jr.,TB - WR,123,95%,100.9,100.9
Photo of Stefon Diggs,Stefon Diggs,NE - WR,78,99%,101.5,101.5
Photo of Pittsburgh,Pittsburgh,Pit - DEF,168,100%,102.4,102.4
Photo of Ricky Pearsall,Ricky Pearsall,SF - WR,71,96%,102.9,102.9
Photo of Emeka Egbuka,Emeka Egbuka,TB - WR,73,70%,104.0,104.0
Photo of Jauan Jennings,Jauan Jennings,SF - WR,84,98%,104.3,104.3
Photo of Jared Goff,Jared Goff,Det - QB,111,96%,104.5,104.5
Photo of Justin Herbert,Justin Herbert,LAC - QB,105,98%,105.0,105.0
Photo of Jayden Reed,Jayden Reed,GB - WR,104,96%,106.9,106.9
Photo of Quinshon Judkins,Quinshon Judkins,Cle - RB,163,58%,107.7,107.7
Photo of Cameron Dicker,Cameron Dicker,LAC - K,190,100%,108.0,108.0
Photo of J.K. Dobbins,J.K. Dobbins,Den - RB,92,85%,110.4,110.4
Photo of Caleb Williams,Caleb Williams,Chi - QB,102,96%,110.4,110.4
Photo of Travis Etienne Jr.,Travis Etienne Jr.,Jax - RB,96,94%,110.8,110.8
Photo of Drake Maye,Drake Maye,NE - QB,100,94%,111.9,111.9
Photo of Tank Bigsby,Tank Bigsby,Jax - RB,90,81%,112.1,112.1
Photo of Dalton Kincaid,Dalton Kincaid,Buf - TE,118,97%,113.3,113.3
Photo of Zach Charbonnet,Zach Charbonnet,Sea - RB,97,96%,113.4,113.4
Photo of Rhamondre Stevenson,Rhamondre Stevenson,NE - RB,103,92%,113.5,113.5
Photo of Cooper Kupp,Cooper Kupp,Sea - WR,119,88%,113.8,113.8
Photo of Jake Bates,Jake Bates,Det - K,196,100%,114.0,114.0
Photo of Jake Ferguson,Jake Ferguson,Dal - TE,112,97%,114.4,114.4
Photo of Dallas Goedert,Dallas Goedert,Phi - TE,116,96%,114.7,114.7
Photo of Cam Skattebo,Cam Skattebo,NYG - RB,120,87%,115.5,115.5
Photo of Tyler Warren,Tyler Warren,Ind - TE,113,86%,115.6,115.6
Photo of Jordan Love,Jordan Love,GB - QB,110,88%,116.1,116.1
Photo of Matthew Golden,Matthew Golden,GB - WR,95,80%,116.6,116.6
Photo of Minnesota,Minnesota,Min - DEF,176,100%,117.7,117.7
Photo of Najee Harris,Najee Harris,LAC - RB,181,45%,118.5,118.5
Photo of Kansas City,Kansas City,KC - DEF,177,99%,118.7,118.7
Photo of Jonnu Smith,Jonnu Smith,Pit - TE,154,64%,118.9,118.9
Photo of Khalil Shakir,Khalil Shakir,Buf - WR,106,89%,119.1,119.1
Photo of Jacory Croskey-Merritt,Jacory Croskey-Merritt,Was - RB,117,8%,119.5,119.5
Photo of C.J. Stroud,C.J. Stroud,Hou - QB,132,76%,119.8,119.8
Photo of Aaron Rodgers,Aaron Rodgers,Pit - QB,198,4%,120.2,120.2
Photo of Colston Loveland,Colston Loveland,Chi - TE,130,86%,121.2,121.2
Photo of Josh Downs,Josh Downs,Ind - WR,107,82%,121.8,121.8
Photo of J.J. McCarthy,J.J. McCarthy,Min - QB,125,68%,122.3,122.3
Photo of Cam Ward,Cam Ward,Ten - QB,178,10%,123.9,123.9
Photo of Chris Boswell,Chris Boswell,Pit - K,202,98%,123.9,123.9
Photo of Sam Darnold,Sam Darnold,Sea - QB,220,3%,123.9,123.9
Photo of Geno Smith,Geno Smith,LV - QB,145,4%,124.0,124.0
Photo of Kyle Pitts Sr.,Kyle Pitts Sr.,Atl - TE,160,61%,124.2,124.2
Photo of Javonte Williams,Javonte Williams,Dal - RB,115,63%,124.7,124.7
Photo of Hunter Henry,Hunter Henry,NE - TE,136,71%,124.7,124.7
Photo of Nick Chubb,Nick Chubb,Hou - RB,150,24%,124.9,124.9
Photo of Houston,Houston,Hou - DEF,186,93%,125.2,125.2
Photo of Michael Penix Jr.,Michael Penix Jr.,Atl - QB,141,9%,125.3,125.3
Photo of Tua Tagovailoa,Tua Tagovailoa,Mia - QB,155,7%,125.3,125.3
Photo of Detroit,Detroit,Det - DEF,184,97%,125.3,125.3
Photo of DeAndre Hopkins,DeAndre Hopkins,Bal - WR,213,3%,126.2,126.2
Photo of Anthony Richardson Sr.,Anthony Richardson Sr.,Ind - QB,262,2%,126.2,126.2
Photo of Bhayshul Tuten,Bhayshul Tuten,Jax - RB,109,27%,126.4,126.4
